economy,series,2000,2001,2002,2003,2004,2005,2006,2007,2008,2009,2010,2011,2012,2013,2014,2015,2016,2017,2018,2019,2020,2021,2022,2023,2024,2025
ARG,Forest_area_pct,12.1964855354461,12.0808714176615,11.9652572998769,11.8496431820922,11.7340290643076,11.618414946523,11.5028008287384,11.3871867109537,11.2715725931691,11.1559584753845,11.0403443575999,10.9587128976976,10.8770814377953,10.795449977893,10.7138185179907,10.6321870580884,10.6003968297469,10.5598368832422,10.5203731515078,10.4801786099266,10.4407148781923,10.4008857415345,10.3610566048767,10.3212951412107,,
ARG,GDP_nominal,284203750000.0,268696750000.0,97724004251.8602,127586973492.177,164657930452.787,198737095012.282,232557260817.308,287530508430.568,361558037110.419,332976484577.619,423627422092.49,530158122010.442,545982375701.128,552025140252.246,526319673731.638,594749285413.212,557532320662.955,643628393281.364,524819892360.176,447754683615.225,385740508436.965,486564085480.036,633993756301.08,649461687959.174,638365455340.04,
ARG,GDP_per_capita_PPP,11499.9828002518,11117.754923787,9953.46492880857,10933.3925491594,12117.6797423098,13464.8128470561,14843.5778659642,16455.1129801674,17276.7570886806,16182.0753477677,17847.6110373178,19104.9909405228,19430.4178068112,19928.989490167,19487.4181748868,19899.1499275245,20105.761359796,23385.0740904917,24410.3919063335,23516.8261980886,22393.3479575353,26300.274261175,29808.8073468007,30221.4976888753,30431.1931223693,
ARG,Gross_capital_formation_pct,16.192649393261,14.1791183183273,11.9606480900889,15.1375075649857,15.8937872782322,17.3511468951153,18.3311867225446,19.5160791570053,19.0101609779701,15.581752639827,16.6414661565525,17.2482847013515,15.8575254186347,16.2895111851898,15.9799540764527,15.5647450770354,14.2723627542237,15.1621987548244,15.2510495001607,14.1990461422681,14.282505371897,17.2906325754362,17.6177901931028,18.4930289934213,15.9035666572482,
ARG,Pop_Density,13.5981729753827,13.7482962995443,13.8961113608045,14.0404218234436,14.1835268152403,14.3300077831249,14.4781158991336,14.6223222213696,14.7711827061158,14.9285563947689,15.0870920710786,15.2485886234831,15.4061004351973,15.5598387102668,15.7212073709481,15.8867142423877,16.0413905118958,16.1833799224611,16.3171137395905,16.4335255363231,16.5133665121004,16.5573305708721,16.5922716858687,16.6399559321662,,
ARG,Rural_pop_pct,10.8239728866546,10.6317048710628,10.4383298079487,10.247531743436,10.0602791205788,9.8766262263928,9.6966273478936,9.5203367720969,9.34780878601831,9.17909767667351,9.00699480590229,8.89277132615941,8.79587827532031,8.6985492280527,8.60246545270461,8.50769808913719,8.4143182771783,8.3223971566176,8.2320058672002,8.14321554861981,8.05609734051031,7.9707223824349,7.887161813874,7.8054867742093,7.7257684027048,
ARG,Safe_water_access_pct,,,,,,,,,,,,,,,,,,,,,,,,,,
ARG,Urban_pop_pct,89.1760271133454,89.3682951289372,89.5616701920513,89.752468256564,89.9397208794212,90.1233737736072,90.3033726521064,90.4796632279031,90.6521912139817,90.8209023233265,90.9930051940977,91.1072286738406,91.2041217246797,91.3014507719473,91.3975345472954,91.4923019108628,91.5856817228217,91.6776028433824,91.7679941327998,91.8567844513802,91.9439026594897,92.0292776175651,92.112838186126,92.1945132257907,92.2742315972952,
BOL,Forest_area_pct,50.8643865965107,50.6783457952552,50.4923049939998,50.3062641927444,50.120223391489,49.9341825902335,49.7481417889781,49.5621009877227,49.3760601864673,49.1900193852119,49.0039785839564,48.808503646266,48.6130287085756,48.4175537708853,48.2220788331949,48.0266038955045,47.7713283485646,47.5327425459245,47.3121388350411,47.1095356780209,46.9249146127573,46.7283054555525,46.5396883596418,46.3457431920982,,
BOL,GDP_nominal,8397855484.76908,8141516928.39489,7905485146.44351,8082399639.54305,8773451751.5121,9549122905.32852,11451844902.2214,13120108008.3477,16674276285.8956,17339992193.7322,19649723722.1034,23963164696.592,27084497481.9103,30659338885.6729,32996188017.3661,33000198248.9146,33941126193.9219,45927439594.7902,48414038842.2576,49056643589.0014,42313784081.042,47877892402.3155,50959081953.6903,52340206946.4544,54881327452.9667,
BOL,GDP_per_capita_PPP,4113.04245150496,4204.93622748505,4303.83514661302,4432.92085269619,4662.97077714293,4937.86997682486,5244.16021230209,5536.56815653658,5889.94339081976,6024.05947397942,6245.33863197671,6597.96217604867,7183.82602452107,8068.72017230776,8628.94266128598,8757.31777115406,9242.02728323599,10420.3923250933,10758.4075594003,11005.3541169156,9580.98962081658,11202.4409836707,12306.7293128695,12892.1249578777,12877.6351184372,
BOL,Gross_capital_formation_pct,17.8874789626329,13.9267732202243,15.6496469618393,12.6639226700099,11.6871210206907,12.990846906531,14.296679671822,16.1395936873294,17.2487171462335,16.4792607960079,16.5722453451651,18.9656256308952,18.3628772434261,19.0600818282013,20.9820496161581,21.371059614022,20.6704841876063,23.1176658338729,22.8232991121695,22.9142053369823,15.7937305332463,17.0431489901198,17.380669631509,17.7080563284576,16.608811759145,
BOL,Pop_Density,7.94454537062679,8.07969722145297,8.21596510661866,8.35474937690391,8.49652635465707,8.64096187575002,8.78952183144097,8.94116126650051,9.09337948859965,9.24607680236315,9.39937690390474,9.55315148158405,9.7071974522293,9.86117234376442,10.0146662974245,10.1677328533186,10.3203360103388,10.4722486845749,10.6234357980246,10.7739185821102,10.9076885442629,11.0194405981723,11.1484851841595,11.3026483891812,,
BOL,Rural_pop_pct,38.1412798424409,37.6625189620995,37.1812367914945,36.7081288909526,36.2435328387748,35.7866937794741,35.3368568575638,34.8932672175567,34.4551700039662,34.0218103613051,33.5924334340867,33.166284366824,32.7418555172301,32.3302944480111,31.962574587,31.6041948702335,31.2553672123053,30.9161983725264,30.5866120186001,30.2665013291613,29.9557364471746,29.6549587173835,29.3647401291869,29.0848585955462,28.7638546226012,
BOL,Safe_water_access_pct,,,,,,,,,,,,,,,,,,,,,,,,,,
BOL,Urban_pop_pct,61.8587201575591,62.3374810379005,62.8187632085055,63.2918711090474,63.7564671612252,64.2133062205259,64.6631431424362,65.1067327824433,65.5448299960338,65.9781896386949,66.4075665659133,66.833715633176,67.2581444827699,67.6697055519889,68.037425413,68.3958051297665,68.7446327876947,69.0838016274736,69.4133879813999,69.7334986708387,70.0442635528254,70.3450412826165,70.6352598708131,70.9151414044538,71.2361453773988,
BRA,Forest_area_pct,65.9343586013156,65.4616708980706,64.9889831948257,64.5162954915806,64.0436077883357,63.5709200850907,63.0982323818457,62.6255446786007,62.1528569753558,61.6801692721108,61.2074815688658,61.023328156743,60.8391747446202,60.6550213324974,60.4708679203746,60.2867384370207,60.0710205859198,59.8329293359527,59.7083800941358,59.5585860011916,59.4174780513368,59.2704836243471,59.1275092305226,58.9818729765235,,
BRA,GDP_nominal,655448188259.351,559983704094.17,509795270685.19,558233724164.711,669289321944.512,891633826625.407,1107626711163.23,1397114247188.89,1695855391757.96,1666996294252.12,2208838108484.35,2616156606579.21,2465228293706.86,2472819362043.74,2456043766032.38,1802211999456.42,1795693265999.04,2063514688805.78,1916933708352.71,1873288158838.63,1476107292151.95,1670647464062.96,1951923832083.87,2191131869706.02,2185821648943.86,
BRA,GDP_per_capita_PPP,9091.76851349271,9303.64529208666,9616.59485486268,9801.9621245505,10525.7113782454,11081.2474735736,11750.5312437668,12672.5051158078,13445.2454698442,13390.6831313285,14451.7158388109,15211.7920390047,15198.086330971,15722.3335243701,15827.3081625749,14821.4383175183,14309.2061488342,14559.0488897884,15463.7426393743,16069.838015161,16101.6183062954,18075.7060048757,19876.8533531396,21175.6186988214,22338.4765640635,
BRA,Gross_capital_formation_pct,18.3044880298194,18.4180865006086,17.9262508224679,16.6047591510601,17.3202333227377,17.0561834601584,17.2102995751944,17.9957613418704,19.3853295545005,19.1019580386452,20.5346736503101,20.6089642091972,20.7167127710863,20.9119218716012,19.873028904781,17.8358070494598,15.524327323785,14.5589865164471,15.0969119559144,15.4711697443353,16.5610215624606,17.9178490537897,17.8004023929581,16.4109751089246,16.9093613196902,
BRA,Pop_Density,20.8202162203552,21.0933536648106,21.3568430296693,21.610392742883,21.8559563491399,22.0967943824822,22.3318951345634,22.5591243984906,22.7762758221327,22.9811837322658,23.175243415401,23.3646162902273,23.555014752086,23.7467066835444,23.93895376244,24.1292359304821,24.3137963709629,24.4915070817191,24.659465024515,24.8207686159839,24.9649852718428,25.0714027283582,25.161867951482,25.2616884857157,,
BRA,Rural_pop_pct,18.8515634576194,18.4039549378043,18.0056508497327,17.6459664158329,17.3183175185441,17.0161200403055,16.7327898635561,16.4617428707351,16.1963949442816,15.9301619666349,15.656153963692,15.3774241400317,15.1026125818688,14.8323414557274,14.5668632101832,14.3064302938119,14.0512951551892,13.8017102428909,13.5579280054928,13.3202008915704,13.0887813496996,12.8639218284561,12.650443756119,12.3840289764237,12.1041450466854,
BRA,Safe_water_access_pct,75.7844900976305,76.3258234013679,76.8492322571614,77.3650030496501,77.785338760226,78.0418944913067,78.293431641364,78.5400306095711,78.7817724970247,79.0182471981314,79.2500382762913,79.479277019945,79.7038711835706,80.4663380845948,81.2277724120926,81.9877409568831,82.7340763563796,83.502874805376,84.2578908584448,85.0114840712181,85.7419162623334,86.4345900524448,87.1246545881346,87.9528269411722,88.6239660721414,
BRA,Urban_pop_pct,81.1484365423806,81.5960450621957,81.9943491502673,82.3540335841671,82.6816824814559,82.9838799596945,83.2672101364439,83.5382571292649,83.8036050557184,84.0698380333651,84.343846036308,84.6225758599683,84.8973874181312,85.1676585442726,85.4331367898168,85.6935697061881,85.9487048448108,86.1982897571091,86.4420719945072,86.6797991084296,86.9112186503004,87.1360781715439,87.349556243881,87.6159710235763,87.8958549533146,
CRI,Forest_area_pct,55.9580885233059,55.9854680767724,56.0128476302389,56.0402271837054,56.0676067371719,56.0949862906385,56.122365844105,56.1497453975715,56.177124951038,56.2045045045045,56.231884057971,56.5524089306698,56.8729338033686,57.1934586760674,57.5139835487662,57.8345084214649,58.1551116333725,58.4757148452801,58.7961222091657,59.1167254210732,59.4373286329808,59.7579318448884,60.0785350567959,60.3991382687035,,
CRI,GDP_nominal,15013629661.8969,15976174336.9721,16578820687.2881,17271760506.9483,18610594846.2083,20040642476.9817,22715540324.3032,26884700709.3146,30801745700.4514,30745714312.6417,37658616951.8038,42762613698.9636,47231655431.7355,50949668841.6696,52016408854.2658,56441920820.5194,58847019609.6549,60516044656.5206,62420164991.5374,64417670521.3545,62395610760.0492,64960725734.1965,69243626028.5936,86497941439.0174,95350423176.5962,
CRI,GDP_per_capita_PPP,7879.47794966682,8190.07440941864,8460.65229565223,8862.9941209874,9365.32775360615,9898.92919347319,10799.5114028981,11841.9011714247,12471.6723105433,12273.8603954825,12927.564593015,13614.2603998924,14463.7404448087,15232.0771529497,16393.8095428323,17525.1404625145,19201.7453233396,20499.3442130778,21498.0350746836,23339.6091317787,22099.8678127394,23852.9253020002,26226.2754815949,28908.7688743191,31106.7643556729,
CRI,Gross_capital_formation_pct,19.6895820518742,19.8348156807213,19.7839966151584,19.790175521696,19.8781564478728,19.9518024342991,20.293066801457,22.3649992802424,23.7449715296068,21.0035629736066,19.4564092871474,19.4325156619155,20.0288559026881,19.8156100827853,19.839949560223,18.988926247886,18.8245430063268,18.1777606896189,18.2028667597056,16.2541664771702,16.1681534980596,16.8662904144554,16.9503668523823,16.1793973267178,15.8255239777781,
CRI,Pop_Density,77.119839404622,78.5144339992166,79.8218762240501,81.0572659616138,82.257696827262,83.4555424990208,84.63258911085,85.7862906384645,86.9576184880533,88.1275166470819,89.2276145710928,90.2826674500588,91.3422248335292,92.3648061104583,93.3630826478653,94.360321190756,95.3191931061496,96.2235996866432,97.0978848413631,97.9152565609087,98.5961613787701,99.0988640814728,99.5253623188406,99.9906972189581,,
CRI,Rural_pop_pct,40.9537621024606,39.8572399551392,38.7212366424054,37.5481940696198,36.3403986453995,35.1001367783616,33.8296948771233,32.5313593503017,31.2074166065139,29.8601530543772,28.4918551025085,27.1573413320086,26.6104979331783,26.0568223807137,25.5133036818788,24.9801804232451,24.4576911914953,23.9460745734392,23.4455691560332,22.9564135264037,22.4788462718743,22.0131059799991,21.5594312386028,21.1180606358298,20.6892327602033,
CRI,Safe_water_access_pct,76.5574235444269,76.8805236759581,77.1898588053626,77.4855743160953,77.7677107865373,78.036247325685,78.2916744536477,78.5341428576419,78.7640359926906,78.9813620194677,79.1867894271423,79.3805198940251,79.5623207855867,79.7329671076377,79.8932159964358,80.0438509218204,80.1855789065264,80.319082313039,80.4450130998755,80.5206829817905,80.5160488913946,80.51169012131,80.5075742727012,80.5037076075396,80.5000742430698,
CRI,Urban_pop_pct,59.0462378975394,60.1427600448608,61.2787633575946,62.4518059303802,63.6596013546005,64.8998632216384,66.1703051228767,67.4686406496983,68.7925833934861,70.1398469456228,71.5081448974915,72.8426586679914,73.3895020668217,73.9431776192863,74.4866963181212,75.0198195767549,75.5423088085047,76.0539254265608,76.5544308439668,77.0435864735963,77.5211537281257,77.9868940200009,78.4405687613972,78.8819393641702,79.3107672397967,
GTM,Forest_area_pct,39.2795819335573,38.8254945875327,38.371407241508,37.9173198954834,37.4632325494588,37.0091452034341,36.5550578574095,36.1009705113849,35.6468831653602,35.1927958193356,34.7387084733109,34.4833893243748,34.2280701754386,33.9727510265024,33.7174318775663,33.4621127286301,33.3538633818589,33.2456140350877,33.1373646883165,33.0291153415453,32.9208659947742,32.812616648003,32.7043673012318,32.5961179544606,,
GTM,GDP_nominal,19288929030.0508,18405220247.4412,20444205991.025,21576351798.9145,23577298094.6571,26783389293.922,29744246827.1839,33567850824.1039,38503720224.3166,37126148264.6383,40676578423.4871,46876006272.2387,49593929487.1263,52996420177.4409,57852159007.6243,62186066547.6566,66053408205.8838,71653780740.4226,73328356007.6152,77172331693.4093,77719468248.3666,86455522272.7383,95641446500.6523,104368755054.601,113199581158.203,
GTM,GDP_per_capita_PPP,4714.96666200848,4821.54598486775,4969.25744944448,5081.38005585657,5263.446549119,5486.27776986281,5833.3869180176,6238.33976946504,6434.50703746094,6376.74106297933,6510.09980949963,6784.44712953621,7258.31667467883,7699.94541247252,8236.65929901849,8934.00261178396,9201.42836046353,9560.17783462724,9946.80252245268,10755.8801029589,10947.3711292197,11825.141273764,13014.0153809826,13745.3631241794,14368.6605681815,
GTM,Gross_capital_formation_pct,16.125612543564,18.6019366750223,19.6197975058803,18.9615918933206,18.6402587083727,18.5898915722087,20.4368364207337,19.9058846728475,18.2268454319826,15.377603213332,15.0488390141114,15.0459163364946,15.0269248908262,15.0905751400773,15.1717760222467,14.5165803443022,13.8717160544668,13.6094242778371,13.6958970967354,14.3792899434873,13.7024597669997,16.1331176381121,16.7048899065371,16.3409859224031,16.1138303325026,
GTM,Pop_Density,109.160059723778,111.696733855916,114.286254199328,116.889156401642,119.516629339306,122.131662933931,124.742991787981,127.398656215006,130.040817469205,132.65781075028,135.312728630086,138.037756625607,140.814175065323,143.59217058604,146.339352370287,149.045754012691,151.817469204927,154.603928704741,157.201241134752,159.609957073535,161.97578387458,164.227790220231,166.553536767451,169.138092571855,,
GTM,Rural_pop_pct,56.7565244894953,55.321904399496,54.2245268061152,53.4134610277895,52.673180513364,51.9442048426166,51.2323643811666,50.5434894946335,49.8834105486367,49.2579579087955,48.6729619407294,48.1342530100577,47.6476614824,47.2190177233755,46.8541520986036,46.5588949737039,46.3390767142957,46.2005276859983,46.154037696458,45.8117732732026,45.4516832088372,45.0952928446242,44.7418771784735,44.3917680434461,44.0452972725237,
GTM,Safe_water_access_pct,49.8441407550865,49.8511896259345,49.8539999485165,49.8476727972093,49.8343430514171,49.8168559214091,49.7953997018597,49.7701404480813,49.7410519879102,49.7076411005726,49.6705450878727,49.6292857460703,49.5841552284631,49.5365886372236,49.4863540023,49.433462841773,49.3772976676554,49.3178662611165,49.2549105362855,49.1879900942265,49.1169771186669,49.0416367545043,48.9617404208088,48.8769788491501,48.7871950677385,
GTM,Urban_pop_pct,43.2434755105047,44.678095600504,45.7754731938848,46.5865389722105,47.326819486636,48.0557951573834,48.7676356188334,49.4565105053665,50.1165894513633,50.7420420912045,51.3270380592706,51.8657469899423,52.3523385176,52.7809822766245,53.1458479013964,53.4411050262961,53.6609232857043,53.7994723140017,53.845962303542,54.1882267267974,54.5483167911628,54.9047071553758,55.2581228215265,55.6082319565539,55.9547027274763,
HND,Forest_area_pct,60.5797658414514,60.3985164000357,60.2172669586201,60.0360175172044,59.8547680757887,59.673518634373,59.4922691929574,59.3110197515417,59.129770310126,58.9485208687103,58.7672714272947,58.5677182947538,58.3681651622129,58.168612029672,57.9690588971311,57.7695057645902,57.5837876485834,57.3966395567075,57.2094020913397,57.0221646259719,56.8349271606042,56.6476896952364,56.4604522298686,56.2732147645008,,
HND,GDP_nominal,7186638029.05875,7651162302.3456,7858255412.86038,8230391346.67228,8869299234.3377,9757012696.56212,10917477066.1429,12361257680.5627,13881731875.7466,14587496229.1811,15839344591.9842,17710275685.4074,18528554397.5695,18499729214.904,19756533971.8698,20979791685.416,21717604952.1835,23136247990.5977,24067750760.499,24882225741.8119,23352232483.755,28144331506.6149,31426041806.7985,34355805527.9795,37093565854.0437,
HND,GDP_per_capita_PPP,2587.42253930427,2645.25477555617,2714.5663201945,2820.71404423524,3001.29671320439,3203.95918990724,3437.62296344903,3664.0882849454,3806.34706373843,3655.79701383106,3757.5464206245,3900.71136173338,4016.34609101801,4137.3268237781,4460.05742833175,4845.59566521125,5186.15897417161,5620.65455247733,5633.3832384519,5784.93081057111,5384.69831983038,6202.98078812037,6805.49358294554,7178.33906781522,7486.01869616445,
HND,Gross_capital_formation_pct,25.7724496550534,23.9374508616678,21.5176369123287,22.9262738958309,27.0803523056205,24.9144205577875,27.3263592647173,32.1934757962591,33.5973788273545,22.0079148952844,21.5558696364013,24.4407777503837,24.3710157922338,23.5854202773999,22.2854400331859,23.6830079243241,22.0345380996484,23.532148331901,24.7473556145833,22.8046970698247,18.2840692088973,22.666191471429,22.4910886256308,23.75620763328,23.9265010808856,
HND,Pop_Density,58.7878541424613,60.3985432120833,62.015005809277,63.6268924836893,65.2336580570203,66.8366699436947,68.431781213692,70.0223254982572,71.6112878720172,73.1959871302172,74.7687729019573,76.3301724908392,77.8896773616945,79.4465814639378,81.0002859951738,82.5570202877826,84.121726695862,85.6925283760837,87.2750916078291,88.8697202609706,90.4427562784878,91.9642237912235,93.5192778621861,95.1367503798373,,
HND,Rural_pop_pct,54.6766645607873,54.1376966444085,53.5805809935884,53.009815395955,52.4260223903944,51.8296115821446,51.2209925764436,50.6005749785296,49.9687683936407,49.3259824270149,48.6726266838902,48.0091107695049,47.3358442890969,46.643620866747,46.1231910875751,45.6171526248566,45.1131585421143,44.6122677660085,44.1147422283753,43.6208438610234,43.1308345957315,42.6449763642453,42.1635310982746,41.6867607294898,41.2149271895171,
HND,Safe_water_access_pct,41.7714222795011,42.0114567358156,42.2596791456563,43.6076213319213,44.9872698483243,46.3982725210716,47.8412965841516,49.3162588904695,50.8235196106217,52.3626202265339,53.9343232985216,55.5380407948122,57.174671475674,58.8431825731568,60.5445335990096,61.9111432090562,62.3414390743725,62.7680455735168,63.1906427532202,63.6092641889516,64.0239281652442,64.4343341684081,64.8354617771336,65.1953154485534,65.5162211788382,
HND,Urban_pop_pct,45.3233354392127,45.8623033555915,46.4194190064116,46.990184604045,47.5739776096056,48.1703884178554,48.7790074235564,49.3994250214704,50.0312316063593,50.6740175729851,51.3273733161098,51.9908892304951,52.6641557109031,53.356379133253,53.8768089124249,54.3828473751434,54.8868414578857,55.3877322339915,55.8852577716247,56.3791561389766,56.8691654042685,57.3550236357547,57.8364689017254,58.3132392705102,58.7850728104829,
IND,Forest_area_pct,22.7334950003195,22.7975675957473,22.8616401911751,22.9257127866029,22.9897853820307,23.0538579774586,23.1179305728864,23.1820031683142,23.246075763742,23.3101483591698,23.3742209545976,23.4638216864714,23.5534224183453,23.6430231502191,23.732623882093,23.8222246139668,23.9116908102072,24.0014933455312,24.0909595417716,24.1807620770956,24.270228273336,24.3596944695764,24.4494970049005,24.5390304689576,,
IND,GDP_nominal,468395521654.458,485440139204.171,514939140318.756,607700687237.318,709152728830.775,820383763511.445,940259888787.721,1216736438834.96,1198895139005.92,1341888016994.9,1675615519484.96,1823051829894.55,1827637590410.41,1856721507621.58,2039126479154.52,2103588360044.94,2294796885663.16,2651474262755.45,2702929641648.74,2835606256558.19,2674851578587.27,3167270623260.47,3346107287730.93,3638489096033.86,3909891533858.08,
IND,GDP_per_capita_PPP,2090.85806894486,2199.53910446478,2277.06974775051,2461.48251610861,2681.86116841254,2936.80322011933,3220.62692939401,3508.06183171605,3633.36783240716,3886.58197693247,4206.45986002117,4454.70153200513,4819.64288218731,5014.3505659078,5191.59149903249,5425.03599091046,5800.48149366552,6144.71714444938,6714.96639877754,7150.92423452926,6966.27542785911,8050.01857452664,9207.12743040145,10323.4998734428,11159.9856476091,
IND,Gross_capital_formation_pct,26.0217848451461,29.9323096392457,28.3325248092936,28.3348257062433,30.7081414238993,32.7553370362813,33.5848915769349,35.8128781215224,34.7179593535669,33.9516269299674,33.2300146665612,34.3134166469557,33.4369343256634,31.2958008477695,30.0802370588503,28.7331441287317,28.1884378846659,28.1778136155632,29.4630681512508,28.4545443348195,27.3243213738562,29.5780345158487,31.2230944361164,30.4260455714275,29.8962309444631,
IND,Pop_Density,355.82076254797,362.539418940599,369.165905979773,375.624499611528,382.078344471763,388.36277600826,394.485011048739,400.470881780175,406.274393496547,412.191872366045,418.231449722352,424.199245255096,430.068210238834,435.838110245225,441.370107863944,446.666542669658,452.020992940243,457.30592394028,462.351569862673,467.185182245332,471.755150192218,475.652042419085,479.425536881262,483.679010086809,,
IND,Rural_pop_pct,72.3529592487477,72.0971347903364,71.8243121089544,71.5339712302,71.2273932771472,70.9054502840893,70.5690142853196,70.2189573151316,69.8561514078185,69.4814685976737,69.0957809189906,68.7253497146691,68.4101064395601,68.0903210764763,67.7711766591179,67.4527009977701,67.1349219027177,66.8178671842461,66.5015646526402,66.1860421181853,65.8713273911667,65.5574482818696,65.2444326005794,64.9323081575814,64.6211027631611,
IND,Safe_water_access_pct,37.6400057360068,39.1028624674025,40.6085464510428,42.1267048046039,43.657414461879,45.1996271683436,46.7534238129321,48.3188378954124,49.8955302994742,51.4825314020622,53.0798644691443,54.6875065992042,56.3075690119533,57.9390790581161,59.5816046729688,61.2343987010564,62.8967025513523,64.567945966321,66.2471046550041,67.9333667144175,69.6259050057647,71.3240226487586,73.0266809621397,74.7331217386926,76.4421942140842,
IND,Urban_pop_pct,27.6470407512523,27.9028652096636,28.1756878910456,28.4660287698,28.7726067228528,29.0945497159107,29.4309857146804,29.7810426848684,30.1438485921815,30.5185314023263,30.9042190810094,31.2746502853309,31.5898935604399,31.9096789235237,32.2288233408821,32.5472990022299,32.8650780972823,33.1821328157539,33.4984353473598,33.8139578818147,34.1286726088333,34.4425517181304,34.7555673994206,35.0676918424186,35.3788972368389,
MEX,Forest_area_pct,35.1764963090614,35.1025211553795,35.0285460016976,34.9545708480156,34.8805956943337,34.8066205406518,34.7326453869698,34.6586702332879,34.584695079606,34.510719925924,34.4367447722421,34.3737390364979,34.3107333007536,34.2477275650094,34.1847218292652,34.1217160935209,34.0559942385349,33.9902672393837,33.9247408626765,33.858895547725,33.7930502327735,33.727204917822,33.6618740193935,33.5959176419147,,
MEX,GDP_nominal,742061329749.127,796064590549.136,810666116401.915,765549967703.273,819459227375.022,917571853529.104,1020265057882.01,1102355554971.95,1161553459715.1,943437415024.633,1105424238731.09,1229013703416.76,1255110424817.79,1327436290282.67,1364507717614.13,1213294467716.88,1112233497452.7,1190721475906.0,1256300182879.73,1304106203902.45,1121064767308.42,1316569466685.95,1466934724293.06,1798317581486.88,1856365616165.94,
MEX,GDP_per_capita_PPP,11704.6853532773,11738.8928661183,11761.8865901666,12065.9368553721,12658.1646665687,13260.2388186669,14540.4500497636,15031.5804109164,15680.5761896881,15190.8744519178,15909.1464963628,17266.8129106549,18004.7935607542,18170.264789912,18820.7991098584,19071.4444196466,20104.5839787472,20488.7150800441,20921.4775277572,20964.2774847072,19354.1248706244,20782.5877417545,23135.4931601276,25243.1644887582,26185.3564713253,
MEX,Gross_capital_formation_pct,21.230361512511,19.6734365305226,19.3679310017379,20.1040413113799,20.780907227933,20.7103497137228,21.6799481845682,22.3548818499295,23.5591739620277,22.7743858105637,22.5530971556916,23.4720687923852,23.6882073368071,21.9901857848145,21.6713070689329,23.1641829976586,23.7277194380681,23.2255397759544,23.047472794237,21.665974001643,20.1075280627513,21.3097325586115,22.423757875055,23.8672177083065,24.1240412731899,
MEX,Pop_Density,50.734613544587,51.4926304688907,52.2382900794774,52.9738496360503,53.7020658967566,54.4311859872939,55.1730579490213,55.9553280691376,56.7783574680419,57.6145070603668,58.4500090022892,59.2831626327838,60.0932163893104,60.8778893490059,61.6190030607783,62.2815946912215,62.8881149206513,63.4790282671879,64.0827752771419,64.6945559299365,65.227528485815,65.664316469045,66.1607124668844,66.7402757272564,,
MEX,Rural_pop_pct,25.0796886029744,24.7092442432013,24.3159247171006,23.953829659449,23.6725602580981,23.5251375619731,23.5017544316343,23.4952673765239,23.4909571728967,23.4856069959705,23.4755558585287,23.4332197720463,23.3414800859266,23.2044231922048,23.0258632908234,22.8096145817247,22.5594912648514,22.2793075401459,21.9728776075506,21.644015667008,21.322039397176,21.0675992581943,20.800316784209,20.5265064251954,20.2461194023882,
MEX,Safe_water_access_pct,40.0145852120453,40.1592254888986,40.3022276647005,40.4436044793848,40.5834367307206,40.7216293084259,40.858261015829,40.9933026138021,41.1268744230264,41.2589025169865,41.3894529576134,41.5187146455795,41.6465626229776,41.7730851603868,41.8982843760022,42.0220908699648,42.1445790425411,42.2656968413867,42.3854808216513,42.5039354698943,42.6210724907528,42.7368771579366,42.8511360617413,42.9097194858437,42.9666311513801,
MEX,Urban_pop_pct,74.9203113970256,75.2907557567987,75.6840752828994,76.046170340551,76.3274397419019,76.4748624380269,76.4982455683657,76.5047326234761,76.5090428271033,76.5143930040295,76.5244441414713,76.5667802279537,76.6585199140734,76.7955768077952,76.9741367091766,77.1903854182753,77.4405087351486,77.7206924598541,78.0271223924494,78.355984332992,78.677960602824,78.9324007418057,79.199683215791,79.4734935748046,79.7538805976118,
PER,Forest_area_pct,58.8264296875,58.72892734375,58.631425,58.53392265625,58.4364203125,58.33891796875,58.241415625,58.14391328125,58.0464109375,57.94890859375,57.85140625,57.7177703125,57.584134375,57.4504984375,57.3168625,57.1832265625,57.03928125,56.902171875,56.77815625,56.643125,56.5081015625,56.373072890625,56.238047734375,56.103020234375,,
PER,GDP_nominal,51744749133.213,52030158775.4055,54777553515.0809,58731030121.8671,66768703497.5687,76060606060.6061,88643193061.748,102170981144.136,120550599815.441,120822986521.479,147527631520.729,171761737046.585,192650021648.583,201175543571.392,200786250582.943,189802976285.619,191898104390.379,211007984080.911,222597009739.235,228346006003.648,201409694755.934,226328766459.634,246065570308.155,266958720837.988,289221969062.941,
PER,GDP_per_capita_PPP,5011.94540719164,5086.42247806779,5382.56641273977,5656.85816117967,6037.52025106396,6559.54330021754,7213.59606031591,7982.05008377224,8820.13901056849,8916.59577535359,9713.35863309362,10462.5770434663,10757.1522234351,11290.5547403874,11517.7371710247,11600.3873992867,12066.5460683317,12591.8562879234,13078.2323503405,13563.5372933551,12563.3038060893,15280.5512106486,16669.1561486769,17011.2278028825,17802.4182498972,
PER,Gross_capital_formation_pct,19.6700704381341,17.9666569877333,16.7309319065239,16.9210666692767,16.7885581415755,17.062082002321,17.7861377815903,19.9854235156854,23.4265803656735,22.1386315989042,23.5133786325771,23.3485326044448,25.0445259194971,25.3007969740008,24.5405155067793,23.0885681385006,21.4469450397426,20.607596923788,20.9232518849407,20.9715689568285,19.9414702059197,23.0905598549895,23.2810854227906,21.1939202378916,20.7786009172227,
PER,Pop_Density,20.77994609375,21.06609453125,21.31891953125,21.5472578125,21.7595234375,21.954046875,22.12850859375,22.28960859375,22.43675078125,22.57563359375,22.72345234375,22.8938171875,23.0862234375,23.29524921875,23.5279890625,23.795,24.1144484375,24.47237265625,24.9199875,25.35101796875,25.65513984375,25.9030328125,26.1526859375,26.44188828125,,
PER,Rural_pop_pct,27.2275168792297,26.8434185918414,26.4499348055325,26.0441249266864,25.6230483616867,25.1837645169168,24.7233327987603,24.2384749411262,23.7255120883221,23.177852459255,22.5979063166066,21.9881835014538,21.3511938548732,20.6894472179414,20.0054534317351,19.301722337331,18.5807637758057,17.8068349497597,17.3145070039079,16.8966996912895,16.4732562810363,16.0519881727639,15.6336445048806,15.2189744150255,14.8087270399645,
PER,Safe_water_access_pct,45.0009270928098,45.3885887063697,45.7725638287703,46.1533060280871,46.5304164073257,46.9035186602477,47.2734616506688,47.6394614392539,47.949856785304,48.2349363755422,48.5190810583611,48.8015002867777,49.0829918622414,49.3627748732011,49.6412563318218,49.9188248807685,50.1947177626241,50.4693247094818,50.7453137052622,51.022261569147,51.3005036126234,51.5796260705202,50.9317018204268,50.1854352404262,49.4283962319206,
PER,Urban_pop_pct,72.7724831207703,73.1565814081586,73.5500651944675,73.9558750733136,74.3769516383133,74.8162354830832,75.2766672012397,75.7615250588738,76.2744879116779,76.822147540745,77.4020936833934,78.0118164985462,78.6488061451268,79.3105527820586,79.9945465682649,80.698277662669,81.4192362241943,82.1931650502403,82.6854929960921,83.1033003087105,83.5267437189637,83.9480118272361,84.3663554951194,84.7810255849745,85.1912729600355,
PRY,Forest_area_pct,57.8697457840423,57.0085728668512,56.1473999496602,55.2862270324692,54.4250541152781,53.5638811980871,52.702708280896,51.841535363705,50.980362446514,50.1191895293229,49.2580166121319,48.2153435690914,47.1726705260508,46.1299974830103,45.0873244399698,44.0446513969293,43.6273093380317,42.6384847722124,41.9353888749056,41.2323181474956,40.5292222501888,39.8261432167128,39.2502935554672,38.5449252640128,,
PRY,GDP_nominal,8855705139.55857,8495806432.18467,7196260656.84556,7691367471.17992,9624440836.29309,10737500188.1123,13429430050.261,17856393235.4338,24615267663.5385,22355151162.0031,27260886405.2341,33756238766.4931,33271921136.3071,38501122141.4135,40377929295.6522,36211447840.1027,36089700222.9546,38997129473.5613,40225448340.6341,37925338329.156,35432178068.1756,39950899938.7474,41952910858.0846,43118053174.5461,44458118397.4445,
PRY,GDP_per_capita_PPP,6937.1767197553,6916.4933075016,6924.18334927644,7275.93316008991,7685.65814789972,8006.7097816731,8560.73925135464,9178.94421589024,9867.39695343742,9801.649331069,10893.3149199478,11441.7636772255,10954.3251570137,12137.0081947562,12607.0721636671,12679.0574753234,13329.1373366354,13977.3427788671,14139.0931267568,14149.598522753,14308.8787738305,15406.1670646576,16347.0434974776,17564.4912369374,18523.6810153,
PRY,Gross_capital_formation_pct,15.4396190485206,15.6186328134319,15.1959191892824,17.7461734755594,18.3035266148838,19.1467974071334,19.2755065466128,17.8836584721614,18.9270603992875,18.5322818455041,21.2916134287483,20.9477801569282,19.536014511612,19.0570473119846,19.777462531577,19.3997932117964,19.0796183746636,19.1922400182251,19.9488227837632,18.7092695745689,19.8824316422635,22.9347908381489,22.1197175470021,20.6420379522522,20.9667292353666,
PRY,Pop_Density,12.8388321167883,13.0573596778253,13.242708280896,13.4065844450038,13.5619808708784,13.7128039265039,13.8564007047571,13.9929171910395,14.1293078278379,14.2744424867858,14.4424137931034,14.6353536370501,14.842708280896,15.0577523282155,15.2776516486282,15.5023986911654,15.7289856531588,15.9543418071986,16.1776541656179,16.3983337528316,16.621542914674,16.8240171155298,17.0713596633508,17.282671943072,,
PRY,Rural_pop_pct,42.4858830591769,42.0313422650426,41.6910267133309,41.4478665596571,41.2578629703746,41.105920858021,40.9797713165373,40.8671454398645,40.7557743219436,40.6333890567156,40.4877207381214,40.306500460102,40.0787090545298,39.7624684399099,39.2898034051843,38.6697231466737,37.9172386791394,37.0473610173426,36.0751011760447,35.0154701700071,33.883479013991,32.6941387227579,31.3603462180542,30.6533918266306,30.1377414113039,
PRY,Safe_water_access_pct,49.8514492982787,50.7157296515242,51.568085692811,52.3149792602456,53.0375571369897,53.7541677638648,54.4644719644046,55.1685035689475,55.8666053457397,56.558468912494,57.2441160582428,57.9235805996781,58.5971721928883,59.2558255493223,59.9057582359398,60.5503943920399,61.19001240823,61.8241296517683,62.4557866810629,63.0842436051128,63.7094591950596,63.9595993188715,64.1624896239257,64.2916963189796,64.3647197417661,
PRY,Urban_pop_pct,57.5141169408231,57.9686577349574,58.3089732866691,58.5521334403429,58.7421370296254,58.894079141979,59.0202286834627,59.1328545601355,59.2442256780564,59.3666109432844,59.5122792618786,59.693499539898,59.9212909454702,60.2375315600901,60.7101965948157,61.3302768533263,62.0827613208606,62.9526389826574,63.9248988239553,64.9845298299929,66.116520986009,67.3058612772421,68.6396537819458,69.3466081733694,69.8622585886961,
THA,Forest_area_pct,37.1860870246041,37.3965041398344,37.6069212550647,37.817338370295,38.0277554855253,38.2381726007555,38.4485897159858,38.6590068312161,38.8694239464464,39.0798410616767,39.290258176907,39.2855604924739,39.2808628080409,39.2761651236078,39.2714674391748,39.2667697547417,39.1806455401358,39.1101802736401,39.0397150071444,38.9692497406487,38.8987844741529,38.8283192076572,38.7578539411615,38.6873886746658,,
THA,GDP_nominal,126392224253.794,120296476180.402,134300904400.022,152280615245.887,172895685154.658,189318408468.595,221758296021.621,262942621455.053,291382982430.951,281710630187.319,341104766329.17,370818739623.622,397558325278.579,420333654592.547,407339040197.651,401296238228.084,413366349747.508,456356813536.764,506754208404.485,543976691793.886,500461898480.246,506194668789.937,495644697587.661,515906283940.933,526517658841.684,
THA,GDP_per_capita_PPP,7289.10499432356,7632.01609417121,8148.43702909083,8824.06945008499,9545.33813809417,10169.0453611636,10912.4427926329,11723.0995588653,12062.1598751814,11964.0529467715,12932.2633444457,13227.454108915,14616.6497925392,15215.9492506383,15365.3175402829,15791.1714762207,16671.2506902144,17573.339815536,18876.2208766741,19963.3918407099,19163.7415152349,20242.7700035656,22243.0747727026,23519.2120979823,24712.0658575135,
THA,Gross_capital_formation_pct,21.574927709465,22.480369975609,21.9115852147245,23.0319014300881,24.8641915872839,27.7126228148178,26.8466322343858,25.4562513958054,26.4477158532838,23.108954889945,23.9927018003552,25.8363693834547,26.9936528421727,25.3835377004292,24.6613910005394,24.5284891453984,23.7136263542096,23.1083649306357,22.7862263680667,22.5729511697849,23.212428656105,23.5077904399395,23.3619271542054,22.9312009556512,22.2430564475903,
THA,Pop_Density,123.329513202451,124.58873925894,125.793100275989,126.970905674411,128.1137759596,129.220419268336,130.297494568302,131.344113214195,132.356926148486,133.338057116013,134.235250249564,135.072536162383,135.912031944254,136.712626984282,137.439305917125,138.07433106931,138.698821664155,139.286709467791,139.709289670966,139.995441288731,140.228785061364,140.396821233534,140.412474309538,140.348088629646,,
THA,Rural_pop_pct,68.5373787347795,67.2571945236111,65.9267218981778,64.5729645617421,63.214483715516,61.8698405607119,60.5575962985418,59.2963121302179,58.1045492569525,57.0008688799578,55.9981263377504,55.1951276442626,54.626434186285,54.1678656152227,53.6861200532103,53.0478956223829,52.1198904448753,50.7688026428223,45.4156265258789,44.0733833312988,42.7641220092773,41.4912223815918,40.257625579834,39.0658073425293,38.1310661608679,
THA,Safe_water_access_pct,,,,,,,,,,,,,,,,,,,,,,,,,,
THA,Urban_pop_pct,31.4626212652205,32.7428054763889,34.0732781018222,35.4270354382579,36.785516284484,38.1301594392881,39.4424037014582,40.7036878697821,41.8954507430475,42.9991311200422,44.0018736622496,44.8048723557374,45.373565813715,45.8321343847773,46.3138799467897,46.9521043776171,47.8801095551247,49.2311973571777,54.5843734741211,55.9266166687012,57.2358779907227,58.5087776184082,59.742374420166,60.9341926574707,61.8689338391321,
URY,Forest_area_pct,7.82196320420523,8.02896811792938,8.23597303165353,8.44297794537767,8.64998285910182,8.85698777282596,9.06399268655011,9.27099760027425,9.4780025139984,9.68500742772255,9.89201234144669,10.1076448405896,10.3232773397326,10.5389098388756,10.7545423380185,10.9701748371615,11.1244429208091,11.2444292080905,11.364415495372,11.4844017826534,11.6043880699349,11.7243743572163,11.8443606444978,11.9643469317792,,
URY,GDP_nominal,22823270892.1094,20898761742.2386,13606515722.5864,12045638351.8507,13686329890.1191,17362857683.8545,19741420739.8901,23797773024.3992,31119602538.8322,32708319077.5179,41950361211.9581,50342406067.0777,54232266358.7811,61337621933.7857,61496186973.902,57680327998.6689,57480787465.2716,65005997963.4822,65344577415.7535,62222313618.8454,53559359261.826,60739084240.8633,70594110920.0358,77991666837.7382,80961511073.5797,
URY,GDP_per_capita_PPP,10929.3002607587,10719.3945690687,10030.1287840488,10303.2337504047,11103.1125898913,12295.700311589,13179.3881134044,14397.224966515,15694.235411976,16421.7696322847,17872.5369682924,19135.3636964186,19495.4223660846,20661.3793411187,21867.8112276315,22168.6114189676,22840.5507069805,23606.6278007958,24386.4948473952,25782.6890198871,25725.258216942,29431.8850087471,33000.918699951,34470.9322201143,36417.874162496,
URY,Gross_capital_formation_pct,14.3185446156428,13.6566726025144,12.3532722105302,12.5207242251677,14.3674894654533,16.5474574137668,18.2369877479984,18.5776877721605,20.5533368844523,18.7448197710682,19.0701045232462,19.1185676352051,22.153383549043,21.8425032313125,21.4381228100328,19.7862365239738,16.9435969015498,16.2395166023116,14.7561747626298,14.4910061718462,15.4357491872963,17.6712600620307,19.0189634315017,17.1960361195822,16.2379503195638,
URY,Pop_Density,18.6619014969718,18.707867672266,18.734241800937,18.7474917152325,18.7587018626443,18.773688721289,18.7950291395269,18.8272940235402,18.8674265798194,18.9126442692264,18.9611472974517,19.0082561992915,19.0572563135642,19.1140269683465,19.1768597874529,19.2436121586104,19.3079819449206,19.3602902525426,19.3951205576506,19.4103873842989,19.4204548051651,19.4074677179751,19.3744314935436,19.3582504856588,,
URY,Rural_pop_pct,8.7230231826434,8.6240749379466,8.5113915287466,8.3739905771391,8.1990565908083,7.9187289951428,7.5154517211809,7.0396311961287,6.54024421379,6.06626756796859,5.6666780524681,5.3963175243059,5.2393402453814,5.1155264857064,5.01021787894859,4.9199997701697,4.8414575044315,4.7711764267958,4.7057418823242,4.6520690917969,4.60023498535161,4.5502853393555,4.50225830078119,4.45603942871089,4.4018048411819,
URY,Safe_water_access_pct,,,,,,,,,,,,,,,,,,,,,,,,,,
URY,Urban_pop_pct,91.2769768173566,91.3759250620534,91.4886084712534,91.6260094228609,91.8009434091917,92.0812710048572,92.4845482788191,92.9603688038713,93.45975578621,93.9337324320314,94.3333219475319,94.6036824756941,94.7606597546186,94.8844735142936,94.9897821210514,95.0800002298303,95.1585424955685,95.2288235732042,95.2942581176758,95.3479309082031,95.3997650146484,95.4497146606445,95.4977416992188,95.5439605712891,95.5981951588181,
